<?xml version="1.0" encoding="utf-8" ?>
<dwsync>
<file name="back_disabled.jpg" server="capitolserver.net/capitolserver.net/wwwroot/" local="130928533290619333" remote="131183565600000000" Dst="2" />
<file name="back_enabled.jpg" server="capitolserver.net/capitolserver.net/wwwroot/" local="130928533291839304" remote="131183565600000000" Dst="2" />
<file name="forward_disabled.jpg" server="capitolserver.net/capitolserver.net/wwwroot/" local="130928533293479333" remote="131183565600000000" Dst="2" />
<file name="forward_enabled.jpg" server="capitolserver.net/capitolserver.net/wwwroot/" local="130928533287869396" remote="131183565600000000" Dst="2" />
<file name="home.png" server="capitolserver.net/capitolserver.net/wwwroot/" local="130092786600000000" remote="131183565600000000" Dst="2" />
<file name="sort_asc.png" server="capitolserver.net/capitolserver.net/wwwroot/" local="130092786600000000" remote="131183565600000000" Dst="2" />
<file name="sort_asc_disabled.png" server="capitolserver.net/capitolserver.net/wwwroot/" local="130092786600000000" remote="131183565600000000" Dst="2" />
<file name="sort_both.png" server="capitolserver.net/capitolserver.net/wwwroot/" local="130928533286229304" remote="131183565600000000" Dst="2" />
<file name="sort_desc.png" server="capitolserver.net/capitolserver.net/wwwroot/" local="130092786600000000" remote="131183565600000000" Dst="2" />
<file name="sort_desc_disabled.png" server="capitolserver.net/capitolserver.net/wwwroot/" local="130092786600000000" remote="131183565600000000" Dst="2" />
<file name="Thumbs.db" server="capitolserver.net/capitolserver.net/wwwroot/" local="130092786600000000" remote="131183565600000000" Dst="2" />
<file name="unchecked.gif" server="capitolserver.net/capitolserver.net/wwwroot/" local="130928533289039330" remote="131183565600000000" Dst="2" />
</dwsync>